Year,Quarter,Workplace,VacancyCount,Headline,MergedColumn
2021,4,Alingsås,2,['Fotbollsintresserad eventpersonal sökes till eventturné!'],2021 4
2021,4,Arvidsjaur,2,"['Distributörer, Arvidsjaur - Arjeplog']",2021 4
2021,4,Arvika,8,"['Fotbollsintresserad eventpersonal sökes till eventturné!', 'Butiksmedarbetare sökes till ICA, Coop och hemköp i Arvika', 'Butiksmedarbetare sökes till ICA, Coop och hemköp i Arvika', 'Butiksmedarbetare sökes till ICA, Coop och hemköp i Arvika', 'Butiksmedarbetare sökes till ICA, Coop och hemköp i Arvika']",2021 4
2021,4,Bjuv,105,"['Extra personal till kyllager i Bjuv!', 'Extra personal till kyllager i Bjuv', 'Extra personal till kyllager i Bjuv', 'Extra personal till kyllager i Bjuv', 'Extra personal till kyllager i Bjuv']",2021 4
2021,4,Boden,6,"['Distributörer, Boden', 'Distributörer, Boden']",2021 4
2021,4,Bollnäs,3,"['Brevbärare Bollnäs, behovsanställning', 'Två personliga assistenter till charmig flicka i Bollnäs']",2021 4
2021,4,Borgholm,2,"['Brevbärare Borgholm, behovsanställning']",2021 4
2021,4,Borlänge,5,"['Säljare på 8 h/v till Saluhallen, IKEA Borlänge', 'Extrajobb som chaufför - Borlänge', 'Chaufför (B) Borlänge, behovsanställning']",2021 4
2021,4,Borås,26,"['Vi söker nu nya medarbetare med erfarenhet utav skjutstativtruck vid behov!', 'Titta hit! Nu söker vi fler duktiga lagermedarbetare!', 'Vill du jobba extra på lager i Viared? Sök nu!', 'Helgjobb+ extra vid behov som personlig assistent', 'Ekonomiassistent på deltid till vår kund i Borås']",2021 4
2021,4,Botkyrka,12,"['Lyhörd, aktiv och initiativrik kvinnlig assistent', 'Terminalarbetare för uppdrag i Årsta 12-19 december']",2021 4
2021,4,Burlöv,1,['16-årig kille i Åkarp söker lekfull assistent'],2021 4
2021,4,Båstad,2,['Fotbollsintresserad eventpersonal sökes till eventturné!'],2021 4
2021,4,Eksjö,2,['Behovspersonal '],2021 4
2021,4,Enköping,130,"['Extrajobb som truckförare på lager i Brunna!', 'Extrajobb som truckförare på lager i Brunna!', 'Lagerarbetare på deltid sökes!', 'Extrajobb som truckförare på lager i Brunna!', 'Lediga extrajobb på läkemedelslager i Enköping']",2021 4
2021,4,Eskilstuna,91,"['Uniflex söker studerande truckförare till uppdrag i Eskilstuna!', 'Vi söker erfaren truckförare för skjutstativ', 'Uniflex söker studerande truckförare som kan arbeta dagtid!', 'Studenter sökes för extrajobb inom lager i Eskilstuna!', 'Uniflex söker studerande truckförare som kan arbeta dagtid!']",2021 4
2021,4,Eslöv,1,['Studenter sökes för extraarbete i Eslöv'],2021 4
2021,4,Falkenberg,4,"['Aktivt extrajobb som lagermedarbetare på dagtid - Falkenberg', 'Extrajobb som lagermedarbetare med containerlossning - Falkenberg', 'Fitness24Seven söker Timvikarierande Site Responsible till Varberg med o...', 'Extrajobb som produktionsmedarbetare inom industrin']",2021 4
2021,4,Falun,21,"['Serviceassistent Borlänge', 'Brevbärare Falun, behovsanställning', 'Brevbärare Falun, behovsanställning', 'Fotbollsintresserad eventpersonal sökes till eventturné!', 'Brevbärare Falun, behovsanställning']",2021 4
2021,4,Flen,12,"['Söker dig som vill jobba extra i Katrineholm', 'Söker dig som vill jobba extra i Katrineholm', 'Söker dig som vill jobba extra i Katrineholm', 'Söker dig som vill jobba extra i Katrineholm']",2021 4
2021,4,Gotland,21,"['Enkelt Extrajobb omgående!', 'Distributörer till SVHL Gotland!', 'Distributörer till SVHL Gotland!']",2021 4
2021,4,Gällivare,3,"['Distributörer, Gällivare']",2021 4
2021,4,Gävle,8,"['Brevbärare Gävle, behovsanställning', 'Extra Brevbärare, Gävle']",2021 4
2021,4,Göteborg,540,"['Butiksstjärna med webshopsintresse!', 'Säljare på deltid till Oddwork //Göteborg', 'Vill du jobba extra natt på paketterminal? Se hit!', 'Student och vill jobba extra på lager?', 'Extra Brevbärare, Västra Frölunda']",2021 4
2021,4,Hallstahammar,3,['Betongabetare (Extra)'],2021 4
2021,4,Halmstad,3,"['Välbetalt extrajobb på Martin & Serveras lager - Halmstad', 'Receptionist', 'Intresseanmälan för extraarbete, Halmstad']",2021 4
2021,4,Haninge,19,"['Extrajobb i Jordbro', 'Extrajobb - Leverans av matkassar Jordbro- Start omgående!', 'Deltidsjobb inom lager i Jordbro']",2021 4
2021,4,Haparanda,6,"['Distributörer, Haparanda', 'Fotbollsintresserad eventpersonal sökes till eventturné!', 'Distributörer, Haparanda']",2021 4
2021,4,Hedemora,2,['Fotbollsintresserad eventpersonal sökes till eventturné!'],2021 4
2021,4,Helsingborg,28,"['Lagerarbete natt på deltid till terminal i Helsingborg ', 'Nu söker vi extra personal som orderplockare i Helsingborg.', 'Vi söker extramedarbetare till lager utanför Helsingborg!', 'Extrajobb som chaufför - Helsingborg', 'Adecco söker extrapersonal/studenter inom produktion/lager']",2021 4
2021,4,Huddinge,6,['Lagermedarbetare - Länna - Heltid '],2021 4
2021,4,Härjedalen,2,"['Brevbärare Sveg, behovsanställning', 'Brevbärare Hede, behovsanställning']",2021 4
2021,4,Härnösand,6,"['Lastbilschaufför CE Härnösand, behovsanställning', 'Timvikarie till växel placerad i Härnösand sökes', 'Brevbärare Härnösand, behovsanställning']",2021 4
2021,4,Hässleholm,5,"['Lagerarbete för elitidrottare på Dagab - Extrajobb', 'Långsiktigt extrajobb på Dagabs lager i Hässleholm', 'Långsiktigt extrajobb på Dagabs lager i Hässleholm', 'Extrajobb för studenter på Dagabs lager - Hässleholm', 'Lagerarbete för elitidrottare på Dagab - Extrajobb']",2021 4
2021,4,Järfälla,44,"['Chaufför (B) Veddesta, behovsanställning', 'Jobba extra som lagermedarbetare hos Airmee i Järfälla', 'Terminalarbetare Veddesta, behovsanställning', 'Extrajobb till ICAs lager i Kallhäll', 'Jobba extra som lagermedarbetare hos Airmee i Järfälla']",2021 4
2021,4,Jönköping,29,"['Vi söker trixiga medarbetare till Arlas kyllager i Jönköping', 'Personlig assistent till schemarad, tjänstgöringsgrad 60-70%', 'Vill du jobba extra natt som terminalarbetare? ', 'Extrajobb som chaufför - Jönköping', 'Eventpersonal till Asecs i Jönköping!']",2021 4
2021,4,Kalix,5,"['Distributörer, Kalix och Töre', 'Aktivitetsansvarig ref. nr 113/21 ', 'Distributörer, Kalix och Töre']",2021 4
2021,4,Kalmar,11,"['50% tjänst sökes till kvinna i Kalmar. ', 'Personlig assistent 90%', 'Vi söker dig som söker extrajobb!', 'Brevbärare Kalmar, behovsanställning']",2021 4
2021,4,Karlskoga,2,['Fotbollsintresserad eventpersonal sökes till eventturné!'],2021 4
2021,4,Karlstad,1,['C-chaufförer sökes till vår kund i Karlstad'],2021 4
2021,4,Katrineholm,24,"['Söker dig som vill jobba extra i Katrineholm', 'Distributörer till Katrineholm', 'Extrapersonal Kundcentermedarbetare i Katrineholm', 'Söker dig som vill jobba extra i Katrineholm', 'Har du en annan bisyssla och vill arbeta extra inom miljöhantering']",2021 4
2021,4,Kiruna,5,"['Brevbärare Vittangi, behovsanställning', 'Brevbärare Vittangi, behovsanställning', 'Morgondistributör Kiruna']",2021 4
2021,4,Kristianstad,6,"['Butiksmedarbetare sökes till ICA, Coop och hemköp i Kristianstad omnejd', 'Extrajobb som växeltelefonist', 'Chaufför (B) Kristianstad, behovsanställning']",2021 4
2021,4,Kungsbacka,35,"['Julkortsorterare Kungsbacka, extrapersonal inför jul', 'Julkortsorterare Kungsbacka, behovsanställning inför jul', 'Extrajobb inom lager hos kund i Fjärås', 'Julkortsorterare Kungsbacka, behovsanställning inför jul', 'Arbetsledare till Kungsbacka']",2021 4
2021,4,Kungälv,4,['Budbilschaufför sökes på deltid!'],2021 4
2021,4,Kävlinge,2,['Fotbollsintresserad eventpersonal sökes till eventturné!'],2021 4
2021,4,Köping,17,"['Uniflex söker studerande truckförare till uppdrag i Eskilstuna!', 'Brödplock i Köping', 'Brödplock i Köping', 'Lagerarbetare på deltid sökes till kund i Köping', 'Brödplock i Köping']",2021 4
2021,4,Landskrona,1,"['Brevbärare Landskrona, behovsanställning']",2021 4
2021,4,Lerum,11,"['Lagerarbetare på DELTID till Stenkullen!', 'Extrajobb hos kund i Stenkullen!', 'Personlig assistent 50% i Lerum']",2021 4
2021,4,Lidingö,3,"['Arbete- och studiecoach', 'NannyCare söker en barnvakt åt familj på Lidingö']",2021 4
2021,4,Lidköping,11,"['Manlig Personlig Assistent Deltid', 'Vill du jobba extra inom lager och industri?', 'Extrapersonal till Petainer Lidköping AB', 'Brevbärare Lidköping, behovsanställning']",2021 4
2021,4,Lindesberg,3,"['Extra Brevbärare, Lindesberg']",2021 4
2021,4,Linköping,66,"['Produktionsarbete i Linköping', 'Student? Jobba deltid som kassapersonal på Blomsterlandet!', 'Extrajobb som Livsmedelsoperatör', 'Orderplockare med truckkort sökes för behovsanställning hos kund i Skänn...', 'Produktionsarbete i Linköping']",2021 4
2021,4,Ljungby,34,"['Brevbärare Ljungby, behovsanställning', 'Ledigt extrajobb på PostNord Strålfors i Ljungby', 'Fotbollsintresserad eventpersonal sökes till eventturné!', 'Ledigt extrajobb på PostNord Strålfors i Ljungby', 'Butikschef - Ljungby']",2021 4
2021,4,Ljusdal,14,"['Brevbärare Ljusdal, behovsanställning', 'Brevbärare Ljusdal, behovsanställning', 'Brevbärare Ljusdal, behovsanställning', 'Brevbärare Ljusdal, behovsanställning']",2021 4
2021,4,Ludvika,2,"['Brevbärare Ludvika, behovsanställning']",2021 4
2021,4,Luleå,39,"['Distributörer, Boden', 'Distributörer, Luleå', 'Extrajobb som växeltelefonist till Luleå', 'Lönehandläggare', 'Vill du jobba extra hos oss?']",2021 4
2021,4,Lund,18,"['Extrajobb som personlig assistent till man i Lund. Deltid 30%', 'Städmaskinsförare för deltidsarbete i Lund', 'Administratörer på deltid sökes till företag centralt i Malmö!', 'Barista Lund', 'Barista Lund']",2021 4
2021,4,Lycksele,1,"['Lastbilschaufför C Lycksele, behovsanställning']",2021 4
2021,4,Malmö,127,"['Butiksvärdar sökes till Elfa och deras studio i Malmö', 'Extraarbete på lager i Malmö! ', 'Butiksjobb inom delikatess och chark till våra kunder  i Malmö omnejd', 'Butiksvärdar sökes till Elfa och deras studio i Malmö', 'Ekonomiassistent på deltid']",2021 4
2021,4,Malung-Sälen,1,['Sugen på att extrajobba i fjällen? '],2021 4
2021,4,Mariestad,1,"['Brevbärare Mariestad, behovsanställning']",2021 4
2021,4,Mark,1,['Pedagogisk och engagerad assistent sökes till 12-årig flicka. '],2021 4
2021,4,Mjölby,5,['Distributörer Mjölby'],2021 4
2021,4,Mora,1,['Nu söker vi dig som är ute efter extrajobb nattetid'],2021 4
2021,4,Mullsjö,8,['Extraarbete som maskinoperatör'],2021 4
2021,4,Munkedal,1,['Samordnare'],2021 4
2021,4,Mölndal,40,"['Nu söker vi timvikarier i grundsärskolan!', 'Nu söker vi timvikarier i skola och förskola!']",2021 4
2021,4,Mörbylånga,2,"['Timvikarier till Bemanningsenheten OFV', 'Timvikarier till Social omsorg – Äldreomsorg']",2021 4
2021,4,Nacka,6,"['Personlig assistent – helg och kväll (5-15h/vecka) – till tioårig pojke i N', 'Lagerarbetare - Nacka - Heltid', 'Personlig assistent – helg och kväll (5-15h/vecka) – till tioårig pojke i N', 'JENSEN grundskola Sickla söker timvikarier']",2021 4
2021,4,Norrköping,29,"['Extrajobb under jullovet som entrévärd i välkänd butik!', 'Lagerarbetare på deltid sökes till vår kund i Norrköping!', 'Junior juridisk konsult till Energia Capital / Deltid / Extrajobb', 'Butikschef', 'Vikarierande personliga assistenter sökes till Särnmark Assistans AB']",2021 4
2021,4,Nybro,3,"['Sorterare Nybro, behovsanställning']",2021 4
2021,4,Nyköping,1,['Fitness24Seven söker Timvikarierande Site Responsible till Nyköping på 20%'],2021 4
2021,4,Nynäshamn,4,"['Personlig assistent sökes i Nynäs.', 'Inhoppare/timmis i Nynäs!']",2021 4
2021,4,Nässjö,5,"['Behovspersonal ', 'Timanställd städpersonal till helg']",2021 4
2021,4,Oskarshamn,2,"['Brevbärare + B-chaufför, Oskarshamn, behovsanställning']",2021 4
2021,4,Piteå,49,"['Fotbollsintresserad eventpersonal sökes till eventturné!', 'Ekonomistudent? Arbeta deltid hos Swedbank!', 'Vill du jobba extra hos oss?', 'Distributörer, Piteå', 'Extrajobb / Budbilsförare / Terminalarbetare']",2021 4
2021,4,Rättvik,4,"['Brevbärare Rättvik, behovsanställning', 'Brevbärare Rättvik, behovsanställning']",2021 4
2021,4,Sandviken,3,"['Brevbärare Sandviken, behovsanställning', 'Fitness24Seven söker Site Responsible till Sandviken på 50% och timvikarie!']",2021 4
2021,4,Sigtuna,18,"['Extra jobb Måndag-Fredag 16:00-21:00 hos DHL Express Arlanda ', 'Studenter sökes för extrajobb på lager i Rosersberg!']",2021 4
2021,4,Sjöbo,5,"['Timvikarier till Storkskolan! Förskoleklass, fritidshem och skola!', 'Timvikarier till Färsingaskolan']",2021 4
2021,4,Skara,2,['Fotbollsintresserad eventpersonal sökes till eventturné!'],2021 4
2021,4,Skellefteå,8,"['Clockwork söker extrapersonal i Skellefteå! ', 'Distributörer, Skellefteå', 'Distributörer, Skellefteå', 'Distributör Burträsk']",2021 4
2021,4,Skurup,4,"['Deltidsarbete på natt till terminal på Sturup', 'Deltidsarbete på natt till terminal på Sturup']",2021 4
2021,4,Skövde,13,"['Vill du jobba extra inom lager och industri?', 'Personliga assistenter som timvikarie sökes till kille i Skövde']",2021 4
2021,4,Sollefteå,2,['Fotbollsintresserad eventpersonal sökes till eventturné!'],2021 4
2021,4,Sollentuna,11,"['Extrajobb på lager i Sollentuna', 'Lagerarbetare - Rotebro - Heltid']",2021 4
2021,4,Solna,25,"['Vi söker dig som vill jobba extra med lager och logistik!', 'Lagerarbetare - Solna - Heltid', 'Vi söker dig som vill jobba extra med lager och logistik!']",2021 4
2021,4,Stenungsund,74,"['Bli en del av Stora Högaskolan 7-9 -  Sök till socialpedagog!', 'Är du speciallärare? Sök till Spekerödskolan och bli vår nya kollega', 'Är du Ekenässkolans nya Rektor?', 'Stenungsunds kommun söker studiehandledare i turkiska samt kakwa', 'Matintresserad butiksmedarbetare sökes till ICA, Coop och hemköp i Stenu...']",2021 4
2021,4,Stockholm,1007,"['Extrajobb som chaufför - Stockholm', 'Butiksmedarbetare matbutiker Stockholm!', 'Lagermedarbetare - Märsta', 'Lagermedarbetare - Västberga - Heltid', 'Julkortsorterare till Årsta 12-19 december']",2021 4
2021,4,Storuman,3,"['Brevbärare Tärnaby, behovsanställning', 'Brevbärare Storuman, behovsanställning', 'Brevbärare Storuman, behovsanställning']",2021 4
2021,4,Strängnäs,11,"['Lagerarbetare sökes till kund i Strängnäs!', 'Vi söker student som vill arbeta extra varannan helg på Hammargården', 'Lagerarbetare sökes till kund i Strängnäs!', 'Vi söker student som vill arbeta extra varannan helg på Mariagården', 'Truckförare motviktstruck']",2021 4
2021,4,Strömstad,1,['Extrajobb som personlig assistent i Strömstad'],2021 4
2021,4,Sundsvall,43,"['Jobba med julkortssortering i december!', 'Personliga assistenter- extrajobb på dagtid!', 'EXTRAPERSONAL SÖKES- vi utökar vårat team!', 'Serviceinriktad receptionist sökes till Emhart!', 'Jobba NATT med julkortsortering i december!']",2021 4
2021,4,Sunne,2,"['Brevbärare Sunne, behovsanställning']",2021 4
2021,4,Svalöv,5,['Adecco söker dig som vill jobba extra!'],2021 4
2021,4,Svedala,5,"['Deltidsarbete på natt till terminal på Sturup', 'Deltidsarbete på kvällstid till terminal på Sturup', 'Barnskötare för timanställning ']",2021 4
2021,4,Säter,1,['Studie- och yrkesvägledare med inriktning KAA'],2021 4
2021,4,Söderhamn,2,['Personliga assistenter till Söderhamn '],2021 4
2021,4,Söderköping,5,['Planeringsenheten söker timvikarier till kosten'],2021 4
2021,4,Södertälje,13,"['Brevbärare Södertälje, behovsanställning', 'Timanställda sjuksköterskor, Södertälje kommun', 'Brevbärare Södertälje BBK, behovsanställning', 'Receptionist på deltid till Södertälje', 'Brevbärare Södertälje BBK, behovsanställning']",2021 4
2021,4,Tierp,2,['Fotbollsintresserad eventpersonal sökes till eventturné!'],2021 4
2021,4,Tjörn,10,['Timvikarier Vård och omsorg'],2021 4
2021,4,Tranemo,5,"['Vi söker dig med annan huvudsaklig sysselsättning!', 'Vi söker dig med annan huvudsaklig sysselsättning!', 'Vi söker dig med annan huvudsaklig sysselsättning!']",2021 4
2021,4,Trollhättan,10,"['Timvikarie måltidsbiträde till Serviceförvaltningen', 'Brevbärare Trollhättan, behovsanställning', 'Fotbollsintresserad eventpersonal sökes till eventturné!', 'Google söker Butiksambassadör i peak - Trollhättan', 'Timvikarie kock till Serviceförvaltningen']",2021 4
2021,4,Trosa,2,['Distributörer till Trosa'],2021 4
2021,4,Tyresö,5,"['Extrajobb i Tyresö', 'Brevbärare Tyresö, behovsanställning']",2021 4
2021,4,Täby,3,['Timanställd Kundtjänst'],2021 4
2021,4,Uddevalla,5,"['Brevbärare Uddevalla, behovsanställning']",2021 4
2021,4,Umeå,4,"['Sjuksköterska, Rättspsykiatrisk avdelning Umeå', 'Extrajobb som chaufför - Umeå', 'Aktivt extrajobb som chaufför  - Umeå', 'Extrajobb som chaufför från 16/12 till 31/12 - Umeå']",2021 4
2021,4,Upplands Väsby,36,"['Extrajobb för studenter till TNT, Upplands Väsby ', 'Extrajobb till TNT, Upplands Väsby ', 'Extrajobb till TNT, Upplands Väsby ', 'Extrajobb för studenter till TNT, Upplands Väsby ', 'Extrajobb till TNT, Upplands Väsby ']",2021 4
2021,4,Upplands-Bro,273,"['Extrajobb på Systembolagets lager i Kungsängen!', 'Extrajobb som truckförare på lager i Brunna!', 'KAA-samordnare sökes till Upplands-Bro, heltid', 'Extrajobb som truckförare på lager i Brunna!', 'Extrajobb som truckförare till Systembolagets varudepå i Brunna!']",2021 4
2021,4,Uppsala,90,"['Delikatesspersonal', 'Brevbärare Uppsala, behovsanställning', 'Butiksmedarbetare med tidigare erfarenhet till matbutiker Uppsala!', 'Butiksmedarbetare med tidigare erfarenhet till matbutiker Uppsala!', 'Butiksmedarbetare med tidigare erfarenhet till matbutiker Uppsala!']",2021 4
2021,4,Vaggeryd,4,"['Spapersonal 15 – 100 % sökes till Hooks Herrgård ', 'Personlig assistent till schemarad, tjänstgöringsgrad 60-70%']",2021 4
2021,4,Vallentuna,14,"['Medarbetare inom produktion och lager sökes till Vallentuna', 'Extra Brevbärare, Vallentuna', 'Lagerarbetare - Vallentuna - Heltid', 'Brevbärare Vallentuna, behovsanställning']",2021 4
2021,4,Vansbro,4,"['Brevbärare Vansbro, behovsanställning', 'Brevbärare Vansbro, behovsanställning']",2021 4
2021,4,Varberg,5,['Extrajobb inom industri och lager'],2021 4
2021,4,Vetlanda,2,['Behovspersonal '],2021 4
2021,4,Vänersborg,6,['Extrajobb inom på terminal i Vänersborg!'],2021 4
2021,4,Värmdö,4,"['Tjej i Stavsnäs söker personlig assistent', 'Tjej i Stavsnäs söker personlig assistent', 'Hundskötare sökes']",2021 4
2021,4,Värnamo,8,"['Fotbollsintresserad eventpersonal sökes till eventturné!', 'Butikschef Värnamo', 'Lagermedarbetare på deltid till företag i logistikbranschen']",2021 4
2021,4,Västervik,3,"['Brevbärare Västervik, behovsanställning']",2021 4
2021,4,Västerås,84,"['Studerande sökes till extrajobb på apotekslager i Enköping', 'Kundvärd extraarbete serviceanmälan', 'Löneadminstratörer till resurspool hos kund i Västerås', 'Studie- och yrkesvägledare sökes till StudentConsulting för extraarbete', 'Kvinnlig Personlig assistent, dagtid - Västerås']",2021 4
2021,4,Växjö,5,"['Extrajobb som terminalarbete - Växjö', 'Nu söker vi extra personal som orderplockare i Ingelstad', 'Söker du ett omväxlande och flexibelt extrajobb? Vi söker personal!', 'Nu söker vi extra personal som orderplockare i Ingelstad', 'Extrajobb som chaufför - Växjö']",2021 4
2021,4,Vårgårda,5,['Extrajobb - Autoliv Vårgårda'],2021 4
2021,4,Ystad,6,"['Barista Ystad', 'Fotbollsintresserad eventpersonal sökes till eventturné!', 'Barista Ystad']",2021 4
2021,4,Älvsbyn,2,"['Distributörer, Älvsbyn']",2021 4
2021,4,Ängelholm,3,"['Barista Ängelholm', 'Fotbollsintresserad eventpersonal sökes till eventturné!']",2021 4
2021,4,Ånge,1,"['Brevbärare Sveg, behovsanställning']",2021 4
2021,4,Åtvidaberg,4,['Vikariat bildistrikt Åtvidaberg'],2021 4
2021,4,Örebro,71,"['Är du student och sugen på att tjäna extra pengar?', 'Ekonomiadministratör på deltid sökes!', 'Lagerarbetare på deltid sökes till vår kund i Örebro!', 'Extrajobb som chaufför - Örebro', 'Tekniker på deltid till Linford AB']",2021 4
2021,4,Örnsköldsvik,2,"['Sjuksköterska Rättspsykiatriska avdelning Umeå ', 'Timvikarie till en 10 årig flicka i Örnsköldsvik']",2021 4
2021,4,Östersund,8,"['Extrajobb som redovisningsassistent i Östersund', 'Brevbärare Östersund, behovsanställning']",2021 4
2021,4,Österåker,1,['Ungdomscoach till Österåkers kommunala aktivitetsansvar (KAA)'],2021 4
2021,4,Övertorneå,4,"['Distributörer, Övertorneå', 'Distributörer, Övertorneå']",2021 4
2021,3,Arvidsjaur,4,"['Distributörer, Arvidsjaur - Arjeplog', 'Morgondistributör, Arvidsjaur - Arjeplog']",2021 3
2021,3,Arvika,2,"['Butiksmedarbetare sökes till ICA, Coop och hemköp i Arvika', 'Gillar du att jobba med personal och arbetsrätt?']",2021 3
2021,3,Askersund,2,"['Extrapersonal sökes till Hammar', 'Extrapersonal sökes till Hammar']",2021 3
2021,3,Bjuv,90,"['Extra personal till kyllager i Bjuv!', 'Extra personal till kyllager i Bjuv!', 'Extra personal till kyllager i Bjuv!', 'Extra personal till kyllager i Bjuv!', 'Extra personal till kyllager i Bjuv!']",2021 3
2021,3,Boden,13,"['Extrajobb! Restaurang & Liftar', 'Morgondistributör Boden', 'Extrajobb Mystery Shopping Boden', 'Distributörer, Boden']",2021 3
2021,3,Bollnäs,20,"['Extra Brevbärare, Bollnäs', 'Extra Brevbärare, Bollnäs']",2021 3
2021,3,Borås,104,"['Högskolestudenter sökes för extrajobb i Viared!', 'Fotbollsintresserad eventpersonal sökes till eventturné!', 'Är du student och söker ett extrajobb på lager?', 'Högskolestudenter sökes för extrajobb i Viared!', 'Truckförare extra kvällstid']",2021 3
2021,3,Botkyrka,4,"['Lager- samt förare lätt lastbil', 'Lyhörd, aktiv och initiativrik kvinnlig assistent']",2021 3
2021,3,Burlöv,2,['16-årig kille i Åkarp söker lekfull assistent'],2021 3
2021,3,Båstad,2,"['Brevbärare Båstad, behovsanställning']",2021 3
2021,3,Enköping,26,"['Lagerarbetare på deltid sökes!', 'Extrajobb som truckförare på lager i Brunna!', 'Studerande lagerarbetare sökes till våra kunder i Mälardalen!', 'Lagerarbetare på deltid sökes!', 'Studerande sökes till extrajobb på apotekslager i Enköping']",2021 3
2021,3,Eskilstuna,165,"['Söker erfaren truckförare för skjutstativ', 'Söker erfaren truckförare för skjutstativ', 'Söker erfaren truckförare för skjutstativ', 'Uniflex söker studerande lagermedarbetare som kan arbeta dagtid!', 'Uniflex söker studerande lagermedarbetare']",2021 3
2021,3,Eslöv,2,"['Brevbärare Eslöv, behovsanställning']",2021 3
2021,3,Falkenberg,2,"['Aktivt extrajobb som lagermedarbetare på dagtid - Falkenberg', 'Aktivt extrajobb som lagermedarbetare på dagtid med start omgående - Fal...']",2021 3
2021,3,Falköping,5,"['Extra Brevbärare, Falköping']",2021 3
2021,3,Falun,5,"['Extra Brevbärare, Falun', 'Serviceassistent Borlänge']",2021 3
2021,3,Flen,9,"['Söker dig som vill jobba extra i Katrineholm', 'Söker dig som vill jobba extra i Katrineholm', 'Söker dig som vill jobba extra i Katrineholm']",2021 3
2021,3,Gislaved,1,['Arbetsledare Secondhand'],2021 3
2021,3,Gotland,11,"['Enkelt Extrajobb omgående!', 'Distributör i Visby', 'Distributör i Visby', 'Distributör i Visby', 'Distributör i Visby']",2021 3
2021,3,Grums,2,"['Extra Brevbärare, Grums']",2021 3
2021,3,Gävle,8,"['Extra Brevbärare, Gävle', 'Butikschef till vår butik i Gävle ', 'Fotbollsintresserad eventpersonal sökes till eventturné!']",2021 3
2021,3,Göteborg,286,"['Säljare/Husdesigner ', 'Ekonomiassistent – Student 2 dagar/vecka', 'Koordinator på deltid till Technity!', 'Extra Terminalarbetare, Göteborg', 'Extrapersonal inom lager sökes! ']",2021 3
2021,3,Hagfors,1,"['Extra Brevbärare, Hagfors BBK']",2021 3
2021,3,Hallsberg,15,"['Extra Terminalarbetare, Hallsberg']",2021 3
2021,3,Hallstahammar,3,['Betongabetare (Extra)'],2021 3
2021,3,Halmstad,4,"['Välbetalt extrajobb på Martin & Serveras lager i Halmstad', 'Assistent till produktutvecklare på Lantmännen i Laholm!', 'Fotbollsintresserad eventpersonal sökes till eventturné!']",2021 3
2021,3,Haninge,24,"['B-bilschaufförer med erfarenhet av budbilskörning i Stockholm sökes', 'Extrapersonal sökes till vår kund i Jordbro, Start omgående!', 'Extrapersonal sökes till vår kund i Jordbro - Dagtid!', 'Budbilsförare för utleverans av matkassar i Jordbro- Deltid', 'Extra Brevbärare, Haninge']",2021 3
2021,3,Haparanda,6,"['Distributörer, Haparanda', 'Morgondistributör Haparanda', 'Morgondistributör Haparanda']",2021 3
2021,3,Heby,50,['Lager Morgongåva. Personal till vår högsäsong och personal som vill arbeta '],2021 3
2021,3,Helsingborg,28,"['Deltidsarbetande truckförare sökes till kund i Landskrona.', 'Vi söker studenter för extrajobb på lager i Helsingborg!', 'Lagerarbete för dig med truckkort i Helsingborg', 'Extrajobb som lagermedarbetare i Helsingborg', 'Lagerarbete på deltid i Helsingborg']",2021 3
2021,3,Härryda,32,"['Extra Terminalarbetare Paket Härryda', 'Sommarjobb till lager på Landvetter flygplats - deltid', 'Extra Terminalarbetare, Härryda']",2021 3
2021,3,Hässleholm,4,"['Extra Brevbärare/Sorterare, Hässleholm', 'Lagerarbetare - Orderplock med truck, Timanställning']",2021 3
2021,3,Höganäs,2,"['Brevbärare Höganäs, behovsanställning']",2021 3
2021,3,Höör,3,['Waldorfskola söker flera pedagoger'],2021 3
2021,3,Järfälla,1,['Lagerpersonal sökes till Airmee i Järfälla.'],2021 3
2021,3,Jönköping,6,"['Timvikarierande Site Responsible till Jönköping', 'Vi söker dig som vill arbeta extra!', 'Extrajobb inom lager? ', 'Extrapersonal till modernt lager i Värnamo sökes!']",2021 3
2021,3,Kalix,6,"['Distributörer, Kalix och Töre', 'Morgondistributör Kalix/Töre', 'Morgondistributör Kalix/Töre']",2021 3
2021,3,Kalmar,9,"['50% tjänst sökes till kvinna i Kalmar. ', 'Restaurant, helgjobb', 'Extra Brevbärare, Kalmar']",2021 3
2021,3,Karlskrona,2,['Chaufför sökes för boxleveranser vid behov i Karlskrona och Blekinge'],2021 3
2021,3,Karlstad,5,"['Extra Brevbärare, Karlstad', 'Kafémedarbetare med köksvana', 'Personlig assistent till kund i lantlig miljö strax utanför Karlstad!', 'Fotbollsintresserad eventpersonal sökes till eventturné!']",2021 3
2021,3,Katrineholm,15,"['Söker dig som vill jobba extra i Katrineholm', 'Söker dig som vill jobba extra i Katrineholm', 'Timanställda till betongindustrin sökes', 'Söker dig som vill jobba extra i Katrineholm', 'Timanställda till betongindustrin sökes']",2021 3
2021,3,Kiruna,1,"['Extra Brevbärare, Vittangi']",2021 3
2021,3,Klippan,2,"['Brevbärare Klippan, behovsanställning']",2021 3
2021,3,Kristianstad,2,"['Receptionist för deltidsarbete på PwC', 'Nu söker vi extra personal inom lager till kund i Kristianstad']",2021 3
2021,3,Kungsbacka,11,"['Vi söker personlig assistent på schema till kvinna i Kungsbacka!', 'Extra Brevbärare, Kungsbacka']",2021 3
2021,3,Köping,10,['Uniflex söker studerande truckförare till uppdrag i Eskilstuna!'],2021 3
2021,3,Leksand,3,"['Extra Brevbärare, Leksand']",2021 3
2021,3,Lerum,1,['Extrajobb som personlig assistent i Lerum'],2021 3
2021,3,Lidingö,5,"['Kundtjänst/lagermedarbetare sökes till vår kund i norra Stockholm!', 'Kundtjänst/lagermedarbetare sökes till vår kund på Lidingö!', 'Arbete- och studiecoach', 'Kundtjänst/lagermedarbetare sökes till vår kund på Lidingö!', 'Kundtjänst/lagermedarbetare sökes till vår kund i norra Stockholm!']",2021 3
2021,3,Lidköping,9,"['Studerande revisionsassistenter till PwC Skövde/Lidköping', 'Extra Brevbärare, Lidköping']",2021 3
2021,3,Lindesberg,3,"['Extra Brevbärare, Lindesberg']",2021 3
2021,3,Linköping,12,"['Vårderfaren personlig assistent sökes', 'Drivna studenter sökes till extrajobb', 'Letar du timanställning att kombinera med studier/deltidsjobb? Se hit!', 'Extrajobba som B-chaufför!', 'Fotbollsintresserad eventpersonal sökes till eventturné!']",2021 3
2021,3,Ljungby,1,"['Extra Brevbärare, Ljungby']",2021 3
2021,3,Ludvika,3,"['Extra Brevbärare, Ludvika']",2021 3
2021,3,Luleå,25,"['Distributörer, extrajobb Luleå', 'Morgondistributör Luleå', 'Morgondistributör Luleå', 'Terminalarbetare, Luleå', 'Rekryterare / Studentuppdrag inom HR']",2021 3
2021,3,Lund,16,"['Bästa extrajobbet! Assistent till flicka i Lund', 'Extrajobb som personlig assistent till man i Lund', 'Deltidsarbete på kvällstid till terminal på Sturup', 'Personlig assistent, deltid i Dalby', 'Administratörer på deltid sökes till företag centralt i Malmö!']",2021 3
2021,3,Malmö,37,"['Extraarbete hos HSB i Turning torso', 'Lagerarbete i Malmö - Extrajobb för studenter', 'Servicetekniker sökes för kortare uppdrag i Malmö', 'Kock- & delikatessmedarbetare sökes till ICA, Coop och hemköp i området ...', 'Spännande extraarbete inom industri hos vår kund i Malmöregionen!']",2021 3
2021,3,Malå,2,['Morgondistributör Malå/Norsjö'],2021 3
2021,3,Mariestad,15,"['Extra Brevbärare, Mariestad', 'Extra Brevbärare, Mariestad', 'Extra Brevbärare, Mariestad']",2021 3
2021,3,Mark,2,"['Pedagogisk och engagerad assistent sökes till 12-årig flicka. ', 'Pedagogisk och engagerad assistent sökes till 12-årig flicka. ']",2021 3
2021,3,Mjölby,3,"['Extra Brevbärare, Mjölby']",2021 3
2021,3,Mora,1,['Är du pensionär eller student och duktig på finmekanik? '],2021 3
2021,3,Mölndal,31,"['Dansktalande Kvalitativ intervjuare (extraarbete)', 'Nu söker vi timvikarier i skola och förskola!']",2021 3
2021,3,Norrköping,5,"['Det perfekta extrajobbet för dig som studerar ex. till fysioterapeut?', 'HR-assistent till Bonnier på deltid.', 'Fotbollsintresserad eventpersonal sökes till eventturné!', 'Kandidatansvarig på deltid till Manpower']",2021 3
2021,3,Partille,1,['Vi söker en Ekonomiassistent på deltid!'],2021 3
2021,3,Piteå,7,"['Distributörer, Piteå', 'Morgondistributör Piteå', 'Extra Brevbärare, Piteå']",2021 3
2021,3,Robertsfors,1,"['Extra Brevbärare, Robertsfors']",2021 3
2021,3,Sandviken,3,"['Fitness24Seven söker Timvikarierande Site Responsible till Sandviken!', 'Extra Brevbärare, Sandviken']",2021 3
2021,3,Sigtuna,23,"['Extra jobb Måndag-Fredag 16:00-21:00 hos DHL Express Arlanda ', 'Extra Terminalarbetare, Rosersberg']",2021 3
2021,3,Skellefteå,15,"['Receptionist/administratör extra vid behov ', 'Distributörer, Skellefteå', 'Distributörer, Skellefteå söndagar', 'Distributör, Malå - Norsjö', 'Morgondistributör Skellefteå']",2021 3
2021,3,Skurup,4,"['Timanställning hos kvinna med psykisk funktionsnedsättning', 'Deltidsarbete på natt till terminal på Sturup']",2021 3
2021,3,Skövde,13,"['Studerande revisionsassistenter till PwC Skövde/Lidköping', 'Personliga assistenter som timvikarie sökes till kille i Skövde', 'Studerande revisionsassistenter till PwC Skövde/Lidköping']",2021 3
2021,3,Sollentuna,22,"['Butikschef Stockholm/Häggvik', 'Deltidsjobb inom lager i Sollentuna', 'Extrajobb på lager i Sollentuna', 'Arbetsledare - Häggvik']",2021 3
2021,3,Solna,14,"['Vi vill nu utöka vårt team med en studerande kandidatansvarig!', 'Extra Brevbärare, Solna', 'Vi söker dig som vill jobba extra med lager och logistik!']",2021 3
2021,3,Sotenäs,1,['Utvecklare rehabilitering'],2021 3
2021,3,Stenungsund,34,"['Badvärd till Stenungsund Arena ', 'Föreningsutvecklare till Kultur och Fritid', 'Spekerödskolan söker elevassistent - Är du vår nya kollega?', 'Stenungsunds kommun söker skolkurator', 'Friluftssamordnare till Stenungsunds kommun']",2021 3
2021,3,Stockholm,210,"['Extrajobb som chaufför (B-körkort) till Dagabs e-handelslager i Årsta', 'Kommunikatör på deltid till Business Sweden!', 'Butiksmedarbetare matbutiker Stockholm', 'Vill du Jobba extra i Stockholm norrort med fokus på våra gym i Åkersber...', 'Butiksmedarbetare matbutiker Stockholm']",2021 3
2021,3,Strängnäs,6,"['Lagerarbetare sökes till kund i Strängnäs!', 'Distributörer till Söndagar i Mariefred']",2021 3
2021,3,Strömstad,3,"['Personlig assistent - Strömstad - deltid', 'Butiksmedarbetare i Strömstad', 'Personlig assistent - Strömstad - deltid']",2021 3
2021,3,Sundsvall,43,"['Fotbollsintresserad eventpersonal sökes till eventturné!', 'Kvällsjobb 18:00-22:00 PostNord i Sundsvall', 'Extra Brevbärare, Sundsvall', 'Extrajobb som truckförare på Systembolagets varudepå!', 'Servicetekniker sökes för kortare uppdrag i Sundsvall!']",2021 3
2021,3,Svedala,2,['Deltidsarbete på kvällstid till terminal på Sturup'],2021 3
2021,3,Söderköping,20,"['Planeringsenheten söker timvikarier till barnomsorgen', 'Planeringsenheten söker timvikarier till Vård och omsorg', 'Planeringsenheten söker timvikarier till skola årskurs 1-9']",2021 3
2021,3,Södertälje,7,"['Extrajobb som lagerarbetare i Nykvarn!', 'Extra Brevbärare Södertälje BBK', 'Extrajobb som lagerarbetare i Nykvarn!', 'Student? Vi söker extrapersonal inom lager till Nykvarn!']",2021 3
2021,3,Tidaholm,2,"['Extra Brevbärare, Tidaholm', 'Extra Brevbärare, Tidaholm']",2021 3
2021,3,Torsby,1,"['Extra Brevbärare, Torsby']",2021 3
2021,3,Tranemo,1,['Vi söker dig med annan huvudsaklig sysselsättning!'],2021 3
2021,3,Trollhättan,3,"['Extra Brevbärare Trollhättan, Sortering']",2021 3
2021,3,Tyresö,3,['Extra Brevbärare Tyresö'],2021 3
2021,3,Täby,1,"['Extraanställd Företagscenter, Täby']",2021 3
2021,3,Ulricehamn,1,['Lokalvårdare till Ulricehamn'],2021 3
2021,3,Umeå,13,"['Personlig assistent till kvinna i Umeå - Deltid', 'Sjuksköterska, Rättspsykiatrisk avdelning Umeå', 'Aktiv assistent sökes till kvinna - Personlig Assistent', 'Personlig assistent till Funktionshinderomsorgen', 'Ekonomiadministratör på deltid!']",2021 3
2021,3,Upplands-Bro,73,"['JENSEN grundskola Bro Mälarstrand söker fritids- och lärarvikarier', 'Studenter för extrajobb som returhanterare sökes till lager i Brunna', 'Extrajobb som truckförare på lager i Brunna!', 'Extrajobb på Systembolagets lager i Kungsängen!', 'Extrajobb som truckförare till Systembolagets varudepå i Brunna!']",2021 3
2021,3,Uppsala,24,"['Vill du bli siminstruktör, åldrar 0-10 år', 'Extra Brevbärare, Uppsala', 'Extrajobb som truckförare på lager i Brunna!', 'Fotbollsintresserad eventpersonal sökes till eventturné!']",2021 3
2021,3,Vaggeryd,10,"['Spapersonal 15 – 100 % sökes till Hooks Herrgård ', 'Givande extrajobb som personlig assistent', 'Personlig assistent till schemarad, tjänstgöringsgrad 58%', 'Spapersonal (helg) sökes till Hooks Herrgård ']",2021 3
2021,3,Vallentuna,8,"['Extra Brevbärare, Vallentuna', 'Extra Brevbärare, Vallentuna']",2021 3
2021,3,Varberg,7,"['Extrajobb inom industri och lager', 'Personlig assistent i Varberg']",2021 3
2021,3,Vetlanda,5,"['Extra Brevbärare, Vetlanda']",2021 3
2021,3,Vänersborg,17,"['Extrajobb på paketterminal i Vänersborg!', 'Extrajobb på paketterminal i Vänersborg!', 'Söker du extrajobb under studier? Sök här!', 'Söker du extrajobb under studier? Sök här!']",2021 3
2021,3,Värmdö,1,['Tjej i Stavsnäs söker personlig assistent'],2021 3
2021,3,Västerås,38,"['Kvinnlig Personlig assistent, dagtid - Västerås', 'Kvinnlig Personlig assistent, dagtid - Västerås', 'Kundvärd Front Office Extraarbete', 'Uniflex söker studerande truckförare till uppdrag i Eskilstuna!', 'Extrajobb som truckförare på lager i Brunna!']",2021 3
2021,3,Växjö,8,"['Fotbollsintresserad eventpersonal sökes till eventturné!', 'Extrajobb till e-handelsföretag i Växjö!']",2021 3
2021,3,Ängelholm,6,"['Brevbärare Ängelholm, behovsanställning', 'Barista Ängelholm']",2021 3
2021,3,Åre,1,"['Extra Brevbärare, Järpen']",2021 3
2021,3,Örebro,80,"['Socialsekreterare till Försörjningsstöd', 'Socialsekreterare till Försörjningsstöd', 'Extra Brevbärare, Kumla', 'Norsktalande kundservicemedarbetare (deltid)', 'Studenter sökes för extrajobb i Örebro']",2021 3
2021,3,Östersund,8,"['Extra Brevbärare, Östersund', 'Marknadsundersökare hemifrån Östersund.', 'Extra Brevbärare, Östersund']",2021 3
2021,3,Övertorneå,4,"['Distributörer, Övertorneå', 'Morgondistributör Övertorneå']",2021 3
2021,2,Alingsås,2,['Receptionister till extrajobb'],2021 2
2021,2,Arvika,1,['Gillar du att jobba med personal och arbetsrätt?'],2021 2
2021,2,Askersund,1,['Sommarjobbare sökes till Hammar'],2021 2
2021,2,Avesta,1,['Växeltelefonist/receptionist till Avesta'],2021 2
2021,2,Bjuv,79,"['Extra personal till kyllager i Bjuv!', 'Extra personal till kyllager i Bjuv!', 'Sommarvikarier, aktivitetsledare och instruktörer för barn och unga', 'Extra personal till kyllager i Bjuv, Nattpass', 'Extra personal till kyllager i Bjuv!']",2021 2
2021,2,Boden,3,['Morgondistributör Boden'],2021 2
2021,2,Bollnäs,5,"['Extra Brevbärare, Bollnäs']",2021 2
2021,2,Borlänge,1,['Extrajobb Mystery Shopping Borlänge'],2021 2
2021,2,Borås,53,"['Till vår kund söker vi nu lagerarbetare på heltid/deltid i Göteborg', 'Söker du extrajobb vid sidan av jobb eller studier? Se hit!', 'Söker du extrajobb vid sidan av jobb eller studier? Se hit!', 'Medarbetare till Kund- och Medlemscenter, Borås och Jönköping', 'Vill du jobba extra som containerlossare?']",2021 2
2021,2,Eksjö,1,['Arbetsterapeut 50% /rehabkoordinator 50%'],2021 2
2021,2,Enköping,15,"['Extrajobb som truckförare på lager i Kungsängen!', 'Studerande sökes till extrajobb på apotekslager i Enköping']",2021 2
2021,2,Eskilstuna,83,"['Uniflex söker studerande truckförare!', 'Brödplockare till matbutiker i Eskilstuna', 'Uniflex söker studerande truckförare!', 'Söker erfaren truckförare för skjutstativ', 'Brödplockare till matbutiker i Eskilstuna']",2021 2
2021,2,Eslöv,20,['Sommarjobb hos Orkla i Eslöv'],2021 2
2021,2,Falkenberg,2,"['Aktivt extrajobb som lagermedarbetare på dagtid med start omgående - Fal...', 'Extrajobb som lagermedarbetare på dagtid med start omgående - Falkenberg']",2021 2
2021,2,Falun,5,"['Extra Brevbärare, Falun']",2021 2
2021,2,Finspång,5,['Distributörer till Finspång'],2021 2
2021,2,Flen,1,['Lokalvårdare till Flen sökes 50-75%'],2021 2
2021,2,Gagnef,1,['2 timvikarier för personlig assistans sökes till glad och sprallig 10-åring'],2021 2
2021,2,Gotland,12,"['Jobba som utdelare på natten - Ha dagen fri till annat', 'Distributör i Visby', 'Distributör i Visby', 'Distributör i Visby', 'Distributör i Visby']",2021 2
2021,2,Gällivare,3,['Morgondistributör Gällivare'],2021 2
2021,2,Gävle,15,['Jobba extra på Partykungens lager i höst'],2021 2
2021,2,Göteborg,114,"['Student sökes för extrajobb som receptionist - Göteborg', 'Lagerarbetare sökes till kund i Göteborg!', 'Extrapersonal inom lager sökes! ', 'Sommarjobb med möjlighet till förlängt extrajobb i höst!', 'Extrajobb grovarbetare']",2021 2
2021,2,Habo,1,"['Student/Vikarier sökes till Kvinna 35 med MS i Habo, i närheten av Öster...']",2021 2
2021,2,Hallstahammar,3,['Betongarbetare (extra)'],2021 2
2021,2,Haninge,24,"['Studenter med truckkort till Jordbro', 'Studenter med truckkort till Jordbro', 'Jobba extra som truckförare i Jordbro!', 'Extra Brevbärare, Haninge', 'Studenter sökes till roligt uppdrag Jordbro - Dagtid!']",2021 2
2021,2,Haparanda,2,['Morgondistributör Haparanda'],2021 2
2021,2,Hedemora,1,['Vik. Socialsekreterare inom försörjningsstöd'],2021 2
2021,2,Helsingborg,10,"['Extra receptionist sökes till vår bemanningspool ', 'Sommarjobb i Helsingborg!', 'Personlig assistent, tim vid behov, till en tjej i Helsingborg.', 'Sommarjobb för dig med truckkort i Helsingborg', 'Extrajobb inom produktion i Helsingborg med omnejd']",2021 2
2021,2,Huddinge,2,['Extra personal Personlig assistent med möjlighet till vikariat from Sep'],2021 2
2021,2,Härjedalen,1,"['Extra Brevbärare, Sveg']",2021 2
2021,2,Härnösand,2,"['Timvikarie till växel placerad i Härnösand sökes', 'Timvikarie till växel placerad i Härnösand sökes']",2021 2
2021,2,Håbo,10,['Ledsagare och avlösare till barn/ungdom med omgående start'],2021 2
2021,2,Järfälla,1,"['Personlig assistent Jakobsberg! (75 %, sommarvik)']",2021 2
2021,2,Jönköping,3,"['Studerande revisionsassistenter till PwC Jönköping', 'Butikschef till vår butik i Jönköping som drivs tillsammans m Pingstkyrkan', 'Timanställd belysningsprojektör/ljusdesigner till Light By Sweden']",2021 2
2021,2,Kalix,2,['Morgondistributör Kalix'],2021 2
2021,2,Kalmar,3,"['Kassa Kundcervice Bistro - Extra', 'Publikvärd']",2021 2
2021,2,Karlstad,9,"['Extrajobb Mystery Shopping Karlstad', 'Extra Brevbärare, Karlstad', 'Vikarie och extapersonal på deltid till vår butik i Karlstad', 'Extrajobb i Karlstad', 'Studerande lokalvårdare till Städtjänst']",2021 2
2021,2,Katrineholm,6,"['Lokalvårdare till Flen sökes 50-75%', 'Extra Brevbärare, Katrineholm', 'Timanställda till betongindustrin sökes']",2021 2
2021,2,Kinda,1,['Sommarjobba som B-chaufför i Kisa!'],2021 2
2021,2,Kiruna,1,['Extrajobb som Mystery Shopper Kiruna'],2021 2
2021,2,Kramfors,1,['Extrajobb - Personlig assistent med erfarenhet inom autism'],2021 2
2021,2,Kristianstad,1,['Extra receptionist sökes till vår bemanningspool '],2021 2
2021,2,Kungsbacka,1,['Arbetsledare med fokus på Logistik till vår butik i Kungsbacka'],2021 2
2021,2,Kungälv,1,['Studerande och vill arbeta som budbilschaufför i sommar i Kungälv!'],2021 2
2021,2,Köping,1,['Brödplockare till butiker i Köping'],2021 2
2021,2,Landskrona,3,"['Extrajobb som truckförare i Landskrona', 'Extra Brevbärare, Landskrona']",2021 2
2021,2,Leksand,1,"['Extra Brevbärare, Leksand']",2021 2
2021,2,Lerum,2,"['Ekonomiassistent som vill jobba 50%', 'Personlig assistent']",2021 2
2021,2,Lidingö,2,"['Assistent sökes till glad 7 årig tjej på Lidingö', 'Assistent sökes till glad 7 årig tjej på Lidingö']",2021 2
2021,2,Lidköping,1,"['Extra Brevbärare, Lidköping']",2021 2
2021,2,Lindesberg,3,"['Extra Brevbärare, Lindesberg']",2021 2
2021,2,Linköping,25,"['Distributörer till bildistrikt i Linköping', 'Sommarjobba som fastighetsskötare!', 'Extrajobb som B-chaufför i sommar!', 'Orderplockare med truckkort sökes för behovsanställning hos kund i Skänn...', 'Jobba deltid som kassapersonal på Blomsterlandet!']",2021 2
2021,2,Ljungby,3,"['Extra Brevbärare, Ljungby', 'Timavlönad undersköterska till Ljungby lasarett']",2021 2
2021,2,Ljusdal,4,"['Extra Brevbärare, Ljusdal']",2021 2
2021,2,Luleå,10,"['Extrajobb IT-support', 'Träindustriarbetare vid behov', 'Morgondistributör Luleå', 'Extrajobb Mystery Shopping Luleå']",2021 2
2021,2,Lund,14,"['30% till kvinna i Bjärred. ', 'Extrajobb som personlig assistent till man i Lund. Deltid 25%.', 'Personlig assistent fredagar till kvinna i Bjärred. ', 'Extrajobb som personlig assistent till man i Lund. Deltid 25%.', 'Extrajobb som personlig assistent till man i Lund. Deltid 25%.']",2021 2
2021,2,Malmö,39,"['Personlig assistent på fredagar till kvinna', 'Personlig assistent till ung kvinna i Malmö', 'Barista Malmö', 'Kommunikatör för omgående start i centrala Malmö', 'Sommarvikarie/Timvikarie']",2021 2
2021,2,Malå,2,['Morgondistributör Malå/Norsjö'],2021 2
2021,2,Mariestad,5,"['Extra Brevbärare, Mariestad']",2021 2
2021,2,Mark,2,"['Pedagogisk och engagerad assistent sökes till 12-årig flicka. ', 'Pedagogisk och engagerad assistent sökes till 12-årig flicka. ']",2021 2
2021,2,Mjölby,10,"['Arbetskonsulent till Arbete och integration', 'Tidningsdistributörer till Mjölby', 'Arbetskonsulent till Arbete och integration', 'Arbetsledare för arbetsmarknadsinsatser']",2021 2
2021,2,Mölndal,2,['Mötesbokare i Göteborg'],2021 2
2021,2,Norrköping,27,"['Marknadsundersökare hemifrån.', 'Vikarier,  personlig assistent', 'Jobba extra som lagerarbetare hos Apotek Hjärtat i Norrköping', 'Sommarjobba som B-chaufför i Norrköping!', 'Konsultchefsassistent till Manpower']",2021 2
2021,2,Norsjö,2,"['Extra Brevbärare, Norsjö', 'Extra Brevbärare, Norsjö']",2021 2
2021,2,Nyköping,3,"['Extra Brevbärare, Nyköping']",2021 2
2021,2,Nynäshamn,8,"['Bagare till kund i Nynäshamn', 'Glad och lugn PA sökes för inhopp i Nynäs.', 'Bagare till kund i Nynäshamn', 'Sommarjobb med möjlighet till förlängning!', 'Bagare till kund i Nynäshamn']",2021 2
2021,2,Nässjö,5,['Extrajobb inom industri och lager'],2021 2
2021,2,Oskarshamn,3,"['Extra Brevbärare, Oskarshamn']",2021 2
2021,2,Perstorp,1,['Skoladministratör/KAA-ansvarig'],2021 2
2021,2,Piteå,4,"['Personlig assistent sökes till kvinna utanför Piteå - Timanställning', 'Träindustriarbetare vid behov']",2021 2
2021,2,Rättvik,1,"['Extra Brevbärare, Rättvik']",2021 2
2021,2,Simrishamn,1,['Personlig assistent till pojke i Simrishamns kommun'],2021 2
2021,2,Skellefteå,6,"['Morgondistributör Skellefteå', 'Receptionist/administratör extra vid behov']",2021 2
2021,2,Skurup,2,['Deltidsarbete på natt till terminal på Sturup'],2021 2
2021,2,Solna,5,['Extrapersonal sökes till lager & logistik'],2021 2
2021,2,Stenungsund,53,"['Kristinedalskolan söker lärare till åk 4-6', 'Lärare i fritidshem till Hallerna skolan', 'Behörig lärare i svenska och engelska åk. 7-9', 'Stenungsunds kommun söker lärare för till Kopperskolan', 'Fransklärare för åk. 7-9 sökes till Stenungsunds kommun ']",2021 2
2021,2,Stockholm,213,"['Extrajobb hos välkänt E-handelsbolag i Kungsängen!', 'Student / Extrajobb som assistent inom hälsa', 'Extra Brevbärare, Farsta', 'Butiksmedarbetare matbutiker Stockholm', 'Extrarbete som paketsorterare för studenter på kvällar i Västberga! ']",2021 2
2021,2,Strängnäs,1,['Vi söker lagermedarbetare till vår kund i Strängnäs!'],2021 2
2021,2,Sundsvall,13,"['Extrajobb som lagerarbetare i Sundsvall', 'Långsiktig ekonomiassistent på deltid till Ocab!', 'Sommarjobb hos PostNord i Sundsvall']",2021 2
2021,2,Svedala,2,['Deltidsarbete på natt till terminal på Sturup'],2021 2
2021,2,Säffle,1,['Arbetsledare till vår butik Kvarnhjulet i Säffle'],2021 2
2021,2,Söderköping,10,"['Planeringsenheten söker timvikarier till Stöd och Service', 'Planeringsenheten söker timvikarier till kosten']",2021 2
2021,2,Södertälje,15,"['Extra Brevbärare, Södertälje', 'Student? Vi söker extrapersonal inom lager till Nykvarn!', 'Extrajobb som lagerarbetare i Nykvarn!', 'Student? Vi söker extrapersonal inom lager till Nykvarn!', 'Extrajobb som lagerarbetare i Nykvarn!']",2021 2
2021,2,Tomelilla,1,['Gymnasielärare i Ma och Fy'],2021 2
2021,2,Tranås,2,"['Arbetsterapeut 50% /rehabkoordinator 50%', 'Arbetsterapeut 50% /rehabkoordinator 50%']",2021 2
2021,2,Täby,7,"['Studenter sökes för extraarbete i Norrort', 'Timanställd Kundtjänst', 'Vi receptionist på deltid som vill hjälpa nyanlända!']",2021 2
2021,2,Ulricehamn,15,['Söker du extrajobb vid sidan av jobb eller studier? Se hit!'],2021 2
2021,2,Umeå,6,"['Servitris/servitör till Elite Hotel Mimer', 'Extra jobb inom bemanning - LS Assistans', 'Aktiv assistent sökes till kvinna - Personlig Assistent', 'Är du student och söker extrajobb inom industri?']",2021 2
2021,2,Upplands-Bro,60,"['Extrajobb som truckförare på lager i Brunna!', 'Extrajobb som truckförare på lager i Kungsängen!', 'Extrajobb som truckförare till Systembolagets varudepå i Brunna!', 'Extrajobb som truckförare på lager i Brunna!', 'Extrajobb som truckförare på lager i Brunna!']",2021 2
2021,2,Uppsala,15,"['Utvecklare av App med kostrådgivning och hälsa', 'Terminalarbetare sökes till DHL i Uppsala - Extra', 'Extrajobb som truckförare på lager i Kungsängen!', 'Butiksjobb i Uppsala inom ICA, Coop, Hemköp och Willys', 'Arbetsledare till vår butik i Uppsala']",2021 2
2021,2,Vaggeryd,2,['Receptionist sökes till Hooks Spa & Fitness'],2021 2
2021,2,Valdemarsvik,5,['Distributörer till Valdemarsvik'],2021 2
2021,2,Vallentuna,4,['Medarbetare inom produktion och lager sökes till Vallentuna'],2021 2
2021,2,Varberg,5,['Extrajobb inom industri och lager'],2021 2
2021,2,Vetlanda,2,"['Barista Vetlanda', 'Barista Vetlanda']",2021 2
2021,2,Vänersborg,1,['Extrajobb på paketterminal i Vänersborg!'],2021 2
2021,2,Värmdö,2,['Hundskötare sökes'],2021 2
2021,2,Värnamo,4,"['Extrajobb inom lager? ', 'Extrajobb inom lager? ']",2021 2
2021,2,Västerås,39,"['Brödplockare till matbutiker i Västerås', 'Brödplockare till matbutiker i Västerås', 'Brödplockare till matbutiker i Västerås', 'Extrajobb som truckförare till Systembolagets varudepå i Kungsängen!', 'Brödplockare till matbutiker i Västerås']",2021 2
2021,2,Växjö,26,"['Arbetsledare till vår butik i Växjö', 'Personliga assistenter sökes till man i Växjö med ALS.', 'Extrajobbare till lager- & logistikkund', 'Personlig assistent till 29-årig kvinna i Växjö', 'Extrajobb till e-handelsföretag i Växjö!']",2021 2
2021,2,Vårgårda,5,['Extraarbete Truckförare i Vårgårda'],2021 2
2021,2,Älvsbyn,2,['Morgondistributör Älvsbyn'],2021 2
2021,2,Ängelholm,8,"['Boozt moderna e-handelslager i behov av medarbetare', 'Boozt moderna e-handelslager i behov av medarbetare', 'Boozt moderna e-handelslager i behov av medarbetare', 'Boozt moderna e-handelslager i behov av medarbetare', 'Boozt moderna e-handelslager i behov av medarbetare']",2021 2
2021,2,Örebro,78,"['Studerande, vi söker dig som vill arbeta extra som terminalarbetare!', 'Vi söker truckförare som kan arbeta heltid under sommaren!', 'Vi söker truckförare med erfarenhet för extrajobb!', 'Socialsekreterare till Försörjningsstöd', 'Handledare/Arbetskonsulent vid Stiftelsen Fontänhuset i Örebro']",2021 2
2021,2,Östersund,7,"['Extra Brevbärare, Östersund', 'Assistent/kandidatansvarig på deltid till Manpower Östersund']",2021 2
2021,2,Överkalix,2,['Morgondistributör Överkalix'],2021 2
2021,1,Arvidsjaur,2,"['Morgondistributör, Arvidsjaur - Arjeplog']",2021 1
2021,1,Arvika,1,['Gillar du att jobba med personal och arbetsrätt?'],2021 1
2021,1,Askersund,2,"['Extrajobb som Processoperatör i Hammar', 'Extrajobb som Processoperatör i Hammar']",2021 1
2021,1,Bjuv,23,"['Extra personal till kyllager i Bjuv!', 'Extra personal till kyllager i Bjuv!']",2021 1
2021,1,Boden,8,"['Morgondistributör Boden', 'Morgondistributör']",2021 1
2021,1,Bollnäs,5,"['Extra Brevbärare, Bollnäs']",2021 1
2021,1,Borås,51,"['Söker du extrajobb vid sidan av jobb eller studier? Se hit!', 'Ekonomiassistent på deltid till vår kund i Borås', 'Arbetsledare med produktansvar, E-handel', 'Ledigt extrajobb vid sidan av studier eller annan sysselsättning!', 'Kundtjänstmedarbetare sökes på Deltid i Borås till Ica Sverige']",2021 1
2021,1,Danderyd,1,['Receptionist på deltid till en bilåterförsäljare i Danderyd'],2021 1
2021,1,Eksjö,1,['Vikarierande Arbetsledare till vår butik i Eksjö'],2021 1
2021,1,Enköping,20,"['Lagerarbetare på deltid sökes!', 'Lagerarbetare på deltid sökes!']",2021 1
2021,1,Eskilstuna,90,"['Uniflex söker studerande truckförare!', 'Distributörer till Sommaren i Eskilstuna', 'Uniflex söker studerande truckförare!', 'Uniflex söker studerande truckförare!', 'Uniflex söker studerande truckförare!']",2021 1
2021,1,Eslöv,22,"['Sommarjobb hos Orkla i Eslöv', 'Extra Brevbärare, Eslöv, Höör']",2021 1
2021,1,Fagersta,1,"['Extra Brevbärare, Fagersta']",2021 1
2021,1,Falkenberg,2,"['Extra Brevbärare, Falkenberg']",2021 1
2021,1,Falun,6,"['Extra Brevbärare, Falun', 'Arbetsterapeut sökes till viktigt uppdrag i Falu kommun', 'Handläggare Försörjningsstöd ', 'Extrajobb som receptionist']",2021 1
2021,1,Filipstad,1,"['Extra Brevbärare, Filipstad']",2021 1
2021,1,Finspång,5,['Distributörer till Finspång'],2021 1
2021,1,Flen,14,"['Distributörer till Sommaren i Malmköping', 'Distributörer till Sommaren i Flen']",2021 1
2021,1,Gnesta,6,['Distributörer till Sommaren i Gnesta'],2021 1
2021,1,Gotland,9,"['Långsiktigt deltidsjobb på välkänd myndighet i Visby', 'Jobba som utdelare på natten - Ha dagen fri till annat']",2021 1
2021,1,Gällivare,5,['Morgondistributör Gällivare'],2021 1
2021,1,Göteborg,85,"['Varuplock inom e-handel', 'Nya personliga assistenter till 11-årig kille i Torslanda!', 'Maskeringspersonal extrajobb', 'Lokalvårdare extra till e-handelsbolaget Jollyroom på Hisingen', 'Flexare till Adient']",2021 1
2021,1,Halmstad,13,"['Är du student och vill jobba 2-3 dagar i veckan? Nu har vi på Lernia möjlig', 'Extra Brevbärare, Halmstad']",2021 1
2021,1,Haninge,23,"['Extra Brevbärare, Haninge', 'Deltidsjobb inom lager i Jordbro', 'B-bilschaufförer med erfarenhet av budbilskörning i Stockholm sökes', 'Studenter med truckkort till Jordbro', 'B-bilschaufförer med erfarenhet av budbilskörning i Stockholm sökes']",2021 1
2021,1,Haparanda,4,"['Morgondistributör Haparanda', 'Morgondistributör Haparanda']",2021 1
2021,1,Helsingborg,29,"['Extrapersonal sökes till lager i Helsingborg', 'Sommarjobb inom service Nordsjö Helsingborg', 'Lernia söker truckförare för uppdrag i Helsingborg', 'Extrajobb - truckförare kyllager', 'Personlig assistent, tim vid behov, till en tjej i Helsingborg.']",2021 1
2021,1,Huddinge,2,"['Butiksmedarbetare sökes för extrajobb till djurbutik i Söderort', 'Produktionschef till vår hubb i Vårby']",2021 1
2021,1,Hylte,5,"['Tim och sommaranställda assistenter till Man i 30 års åldern', 'Timanställda till ung man med epilepsi']",2021 1
2021,1,Hällefors,1,"['Extra Brevbärare, Hällefors']",2021 1
2021,1,Härjedalen,2,"['Extra Brevbärare, Sveg', 'Extra Brevbärare, Sveg']",2021 1
2021,1,Härnösand,5,"['Timvikarie till växel placerad i Härnösand sökes', 'Extra Brevbärare, Härnösand', 'Timvikarie till växel placerad i Härnösand sökes']",2021 1
2021,1,Härryda,10,['Packpersonal sökes!'],2021 1
2021,1,Hässleholm,1,['Fastighetsskötare på Röingegården'],2021 1
2021,1,Höör,1,['Arbetsledare till vår butik i Höör'],2021 1
2021,1,Järfälla,47,"['Vill du vara en del av vårt team inom ICA Logistik?', 'Orderplockare deltid norrort', 'Extrajobb till ICAs lager i Kallhäll', 'Vill du vara en del av vårt framgångsrika team inom Logistik?', 'Lagerarbetare på deltid sökes till Veddesta']",2021 1
2021,1,Jönköping,22,"['Extra Terminalarbetare, Torsvik Jönköping', 'Rehabkoordinator ', 'Ordermottagare/administratör', 'Översättare norska/svenska', 'Serverings personal']",2021 1
2021,1,Kalix,6,"['Morgondistributör Töre', 'Morgondistributör Kalix']",2021 1
2021,1,Kalmar,6,"['Lernia söker dig som söker extrajobb!', '50% tjänst samt sommarvik sökes till kvinna i Kalmar. ']",2021 1
2021,1,Karlskrona,2,"['Truckförare sökes omgående', 'Truckförare sökes omgående']",2021 1
2021,1,Karlstad,3,"['Studerande lokalvårdare till Städtjänst', 'Administratör på deltid sökes']",2021 1
2021,1,Katrineholm,17,"['Timanställda till betongindustrin sökes', 'Timanställda till betongindustrin sökes', 'Timanställda till betongindustrin sökes', 'Distributörer till Sommaren i Katrineholm']",2021 1
2021,1,Kiruna,10,"['Extra Brevbärare, Kiruna', 'Morgondistributör Kiruna']",2021 1
2021,1,Kristianstad,2,"['Butikschef Kristianstad', 'Vikarierande Arbetsledare till vår butik i Kristianstad']",2021 1
2021,1,Kristinehamn,1,"['Extra Brevbärare, Kristinehamn']",2021 1
2021,1,Kumla,4,"['Extra Brevbärare, Kumla']",2021 1
2021,1,Kungälv,1,['Extra personal till lager inom däckindustrin!'],2021 1
2021,1,Landskrona,6,"['Extrapersonal sökes till NA-KD', 'Extrapersonal sökes till NA-KD under Black Week']",2021 1
2021,1,Lessebo,1,['Ekonomiassistent/Administratör deltid till Skruv '],2021 1
2021,1,Lidingö,1,['Assistent sökes till glad 7 årig tjej på Lidingö'],2021 1
2021,1,Lidköping,5,"['Extra Brevbärare, Lidköping']",2021 1
2021,1,Lindesberg,3,"['Extra Brevbärare, Lindesberg']",2021 1
2021,1,Linköping,24,"['Extrajobba som B-chaufför!', 'Flexibla industriarbetare  ', 'Jobba deltid som kassapersonal på Blomsterlandet!', 'Butikspersonal i matbutiker i Linköping med omnejd', 'Personer till grönytearbete runt om i Östergötland']",2021 1
2021,1,Ljungby,11,"['Timavlönad sjuksköterska till bemanningsenheten i Ljungby', 'Timavlönad undersköterska till Ljungby lasarett']",2021 1
2021,1,Ljusdal,9,"['Extra Brevbärare, Ljusdal', 'Extra Brevbärare, Ljusdal']",2021 1
2021,1,Luleå,20,"['Morgondistributör', 'Montörer för deltidsarbete vid behov', 'Morgondistributör Luleå', 'Vikarierande drifttekniker']",2021 1
2021,1,Lund,16,"['Personlig assistent, deltid i Dalby', 'Office Depot söker extrapersonal/sommarpersonal till Malmö och Lund', '30% till kvinna i Bjärred. ', 'Personlig assistent, deltid i Dalby', 'Administratör på deltid till Axis Communications']",2021 1
2021,1,Malmö,53,"['Specialpedagog till Höjaskolan', 'Extra Terminalarbetare, Malmö Toftanäs', 'Lagermedarbetare för packning på Lager i Malmötrakten.', 'Extraarbete - Lagermedarbetare sökes till vår uthyrningsverksamhet', 'Site Responsible Malmö Spångatan på Fitness24seven']",2021 1
2021,1,Mariestad,5,"['Extra Brevbärare, Mariestad']",2021 1
2021,1,Mark,3,"['Du har glimten i ögat och vill jobba i Marks kommun', 'Arbetsledare till vår butik i Skene', 'Pedagogisk och engagerad assistent sökes till 12-årig flicka. ']",2021 1
2021,1,Mölndal,1,['Mötesbokare i Göteborg'],2021 1
2021,1,Nora,2,"['Extra Brevbärare, Nora']",2021 1
2021,1,Norrköping,28,"['Vikarier,  personlig assistent', 'Har du en annan bisyssla och vill arbeta extra som truckförare?', 'Extra jobb, personlig assistent', 'Distributörer till Norrköping med omnejd', 'Butikspersonal till matbutiker i Norrköping med omnejd']",2021 1
2021,1,Norsjö,4,"['Extra Brevbärare, Norsjö', 'Extra Brevbärare, Norsjö', 'Extra Brevbärare, Norsjö', 'Extra Brevbärare, Norsjö']",2021 1
2021,1,Nyköping,6,['Distributörer till Sommaren i Nyköping'],2021 1
2021,1,Nynäshamn,6,"['Extrajobba som receptionist i Nynäshamn!', 'Extrajobba som receptionist i Nynäshamn!', 'Extrajobba som receptionist i Nynäshamn!', 'Extrajobba som receptionist i Nynäshamn!', 'Extrajobba som receptionist i Nynäshamn!']",2021 1
2021,1,Nässjö,10,['Vi söker studenter som vill jobba extra i Nässjö! '],2021 1
2021,1,Oxelösund,8,['Distributörer till Sommaren i Oxelösund'],2021 1
2021,1,Pajala,2,['Morgondistributör Pajala'],2021 1
2021,1,Piteå,13,"['Extra Brevbärare, Piteå', 'Montörer för deltidsarbete vid behov', 'Extra Brevbärare, Piteå', 'Morgondistributör Piteå']",2021 1
2021,1,Sigtuna,2,"['Extraarbetare till klädlager, Märsta']",2021 1
2021,1,Simrishamn,1,['Personlig assistent till pojke i Simrishamns kommun'],2021 1
2021,1,Skellefteå,18,"['Morgondistributör Malå och Norsjö', 'Receptionist/administratör extra vid behov', 'Morgondistributör Skellefteå']",2021 1
2021,1,Skövde,1,['Drifttekniker på 50% till Gasum i Skövde'],2021 1
2021,1,Solna,11,"['Vill du vara en del av vårt framgångsrika team inom Logistik?', 'Extra Brevbärare, Solna']",2021 1
2021,1,Stenungsund,9,"['Stenungsunds kommun söker lärare i musik till Ekenässkolan - Vikariat', 'Spekerödskolan söker speciallärare', 'Stenungsunds kommun söker lärare i musik till Ekenässkolan - Vikariat', 'Vikarierande lärare i åk 4-6 till Hallerna skolan', 'Stora Högaskolan 7-9 söker specialpedagog']",2021 1
2021,1,Stockholm,158,"['Personlig assistent vid Skanstull – korta pass att kombinera med annan ...', 'Delikatesspersonal', 'Personlig assistent sökes för helgtjänst i Åkersberga!', 'Kvällsjobb på Sellpys produktionsanläggning (25 eller 30h/v) - Frihamnen...', 'Orderplockare extrajobb vardagar dagtid!']",2021 1
2021,1,Storuman,1,"['Extra Brevbärare, Storuman']",2021 1
2021,1,Strängnäs,8,['Distributörer till Sommaren i Strängnäs'],2021 1
2021,1,Strömstad,2,"['Personlig assistent till en pojke i Strömstad', 'Personlig assistent till en pojke i Strömstad']",2021 1
2021,1,Strömsund,1,"['Extra Brevbärare, Strömsund']",2021 1
2021,1,Sundsvall,5,"['Konsultchefsassistent/kandidatansvarig deltid, Sundsvall ', 'Junior fälttekniker till Sundsvall på deltid!', 'Extrajobb som B-chaufför']",2021 1
2021,1,Svedala,2,['Barnskötare sökes för timvikariat '],2021 1
2021,1,Södertälje,7,"['Chaufförer på deltid sökes till Södertälje', 'Chaufför deltid Södertälje', 'Extra Brevbärare, Södertälje']",2021 1
2021,1,Tidaholm,1,"['Extra Brevbärare, Tidaholm']",2021 1
2021,1,Torsby,1,['Socialsekreterare försörjningsstöd'],2021 1
2021,1,Tranås,1,"['Extra Brevbärare, Tranås']",2021 1
2021,1,Trelleborg,3,['Timvikarier avfallsinsamling'],2021 1
2021,1,Trosa,6,['Distributörer till Sommaren i Trosa'],2021 1
2021,1,Tyresö,2,"['Extra Brevbärare, Tyresö']",2021 1
2021,1,Täby,1,['Vill du arbeta med att hjälpa nyanlända? se hit!'],2021 1
2021,1,Ulricehamn,60,"['Söker du extrajobb vid sidan av jobb eller studier? Se hit!', 'Söker du extrajobb vid sidan av jobb eller studier? Se hit!', 'Söker du extrajobb vid sidan av jobb eller studier? Se hit!', 'Söker du extrajobb vid sidan av jobb eller studier? Se hit!']",2021 1
2021,1,Umeå,5,"['Extra Brevbärare, Umeå', 'Är du student och söker extrajobb inom industri?']",2021 1
2021,1,Upplands-Bro,60,"['Studenter med truckkort A1-4 sökes till kommande uppdrag i Norrort!', 'Extrajobb som truckförare till Systembolagets varudepå i Brunna', 'Extrajobb som truckförare till Systembolagets varudepå i Brunna']",2021 1
2021,1,Uppsala,19,"['Intensivvårdssjuksköterskor och sjuksköterskor till covid-vården', 'Jobba extra som receptionist via Manpower i Uppsala', 'Intensivvårdssjuksköterskor och sjuksköterskor till covid-vården', 'Boendestödjare', 'Fitness24Seven söker sommarvikarier till Uppsala']",2021 1
2021,1,Valdemarsvik,5,['Distributörer till Valdemarsvik'],2021 1
2021,1,Vallentuna,6,"['Erfaren svetsare sökes till Vallentuna på avrop', 'Extra Brevbärare, Vallentuna', 'Medarbetare inom produktion och lager sökes till Vallentuna']",2021 1
2021,1,Vellinge,4,"['Personlig assistent som vill kombinera sina studier/ deltidsjobb hos oss', 'Personlig assistent till ung kvinna']",2021 1
2021,1,Vetlanda,5,['Studenter sökes för extrajobb i Vetlanda! '],2021 1
2021,1,Vimmerby,7,['Vi söker studenter som vill jobba extra på industri i Vimmerby! '],2021 1
2021,1,Vingåker,7,"['Distributörer till Sommaren i Vingåker', 'STIFTELSEN LINDEN SÖKER PERSONLIG ASSISTENT NATT']",2021 1
2021,1,Vänersborg,3,"['Extrajobb på paketterminal i Vänersborg!', 'Junior tekniker till Vänersborg!']",2021 1
2021,1,Västervik,1,['Entrévärd till butik i Västervik torsdag 1 april!'],2021 1
2021,1,Västerås,40,"['Truckförare sökes för extrajobb till varudepå i Brunna!', 'Truckförare sökes för extrajobb till varudepå i Brunna!']",2021 1
2021,1,Växjö,22,"['Timavlönad undersköterska till Centrallasarettet Växjö', 'Timavlönad undersköterska till primärvården i Växjö ', 'Timavlönad skötare till bemanningsenheten i Region Kronoberg', 'Timavlönad sjuksköterska till bemanningsenheten i Växjö']",2021 1
2021,1,Älmhult,6,"['Kontaktperson till personer med funktionsvariationer', 'Extra Brevbärare, Älmhult']",2021 1
2021,1,Älvsbyn,2,['Morgondistributör Älvsbyn'],2021 1
2021,1,Ängelholm,5,"['Extrapersonal sökes till Boozt i Ängelholm', 'Skånska byggvaror söker dig som vill arbeta extra']",2021 1
2021,1,Örebro,48,"['Sommarvikarierande Socialsekreterare till Verksamhet Försörjning, FUFA', 'Norsktalande kundservicemedarbetare (deltid)', 'Studie- och yrkesvägledare sökes till StudentConsulting för extraarbete', 'Lagerarbetare på deltid sökes!', 'Vi söker dig, student som vill arbeta extra som truckförare!']",2021 1
2021,1,Östersund,7,"['Extra Brevbärare, Östersund', 'Vi söker en fälttekniker på deltid i Östersund!']",2021 1
2021,1,Överkalix,2,['Morgondistributör Överkalix'],2021 1
2021,1,Övertorneå,2,['Morgondistributör Övertorneå'],2021 1
2020,4,Stockholm,4,"['Personlig assistent 30% till 11-årig kille i Spånga!', 'Rehabkoordinator omgående', 'Timvikarie, Site Responsible till Stockholm på Fitness24seven']",2020 4
2020,4,Örnsköldsvik,1,['Personlig assistent till en kvinna.'],2020 4
